Id,Created,Institution,Domain1Competency1,Domain1Competency2,Domain1Competency3,Domain1Competency4,Domain1Competency5,Domain1Competency6,Domain2Competency1,Domain2Competency2,Domain2Competency3,Domain2Competency4,Domain3Competency1,Domain3Competency2,Domain3Competency3,Domain3Competency4,Domain4Competency1,Domain4Competency2,Domain4Competency3,Domain4Competency4,Domain4Competency5,Domain5Competency1,Domain5Competency2,Domain5Competency3,Domain5Competency4,Domain1Competency1Important,Domain1Competency2Important,Domain1Competency3Important,Domain1Competency4Important,Domain1Competency5Important,Domain1Competency6Important,Domain2Competency1Important,Domain2Competency2Important,Domain2Competency3Important,Domain2Competency4Important,Domain3Competency1Important,Domain3Competency2Important,Domain3Competency3Important,Domain3Competency4Important,Domain4Competency1Important,Domain4Competency2Important,Domain4Competency3Important,Domain4Competency4Important,Domain4Competency5Important,Domain5Competency1Important,Domain5Competency2Important,Domain5Competency3Important,Domain5Competency4Important
92a75eba-fc2f-49a0-8686-c6a09b8db06b,4/5/2019 3:58:26 PM,Medical College of Georgia - Augusta University,4,4,3,3,2,5,4,3,4,2,3,3,4,3,4,4,4,4,2,3,3,4,4,True,True,True,True,True,True,True,True,True,True,True,True,True,True,True,True,True,True,True,True,True,True,True
c679172a-0f70-479c-9056-01bc2ca7896f,4/5/2019 11:07:46 PM,University of Hawaii John A. Burns School of Medicine,5,5,5,4,5,5,5,5,5,5,5,4,4,5,4,5,5,5,5,5,5,5,5,True,True,True,True,False,True,False,False,False,False,False,False,False,False,False,False,False,False,False,False,False,False,False
67476d9b-9cb0-4c06-aacd-39de83add327,4/11/2019 10:38:32 PM,Indiana University School of Medicine,3,2,3,3,3,3,4,4,3,2,3,2,3,1,4,4,3,3,3,4,4,3,4,False,False,False,False,False,False,True,True,True,True,False,False,False,False,False,False,False,False,False,False,False,False,False
3206104f-fa70-4d89-9a89-6307de9a0eaa,4/16/2019 3:05:58 PM,0 STFM Staff,1,2,2,2,2,1,1,3,3,2,2,3,2,1,2,3,2,1,3,3,3,3,3,False,True,False,True,True,False,True,False,False,False,False,False,False,True,False,False,False,True,False,False,False,False,False
9dd10370-d245-42ce-9711-99eb6b3c196e,4/17/2019 4:40:51 PM,Sea Mar Community Health Centers,2,2,3,3,2,5,4,2,2,2,2,1,4,3,2,1,3,3,3,2,2,2,3,True,False,False,False,False,True,False,False,False,False,True,False,True,True,False,False,False,False,False,False,False,False,False
fe4b1ff7-7939-4d5c-9067-01093ef20cd6,4/18/2019 4:02:58 PM,Medical College of Wisconsin,3,4,3,3,4,3,3,4,2,3,3,2,3,3,3,4,3,3,2,4,3,2,3,False,False,True,False,False,True,False,False,False,True,False,True,False,False,False,True,False,False,False,False,True,False,False
e39d31f6-6c43-4ea0-8d30-c3dca482cc55,4/22/2019 1:15:42 PM,University of Kentucky,3,3,4,4,5,3,3,4,2,2,3,2,3,2,3,2,2,2,3,3,3,2,3,False,False,False,False,False,False,False,False,False,False,False,False,False,False,False,False,False,False,False,False,False,False,False
290c2842-f01b-4d8a-9c86-98e01f33c653,4/24/2019 2:34:25 AM,Campbell University Jerry M Wallace School of Osteopathic Medicine,4,3,3,4,4,2,4,5,4,2,3,3,3,3,3,4,5,4,2,4,4,4,4,True,True,True,True,True,True,True,True,True,True,True,True,True,True,True,True,True,True,True,True,True,True,True
bd06cf4a-082a-4a6b-91ce-61d1d210ee6f,4/24/2019 1:23:42 PM,Via College of Osteopathic Medicine,4,2,4,3,2,5,2,3,2,5,3,3,3,2,2,2,3,4,1,3,1,2,2,True,False,False,False,False,False,True,False,False,True,True,True,True,True,False,False,False,True,False,False,False,False,False
98df60db-3e8a-4b43-9c32-96cbe8caf75a,4/26/2019 7:02:19 PM,TRUST Program at University of Washington School of Medicine,3,3,3,3,3,3,3,3,3,3,3,3,3,3,3,3,3,3,3,3,3,3,3,True,True,True,True,False,False,False,False,False,False,True,True,True,True,True,False,False,False,False,True,False,False,False
2bf0a836-6b2d-499b-84c4-07893a35cb58,5/1/2019 5:04:16 AM,Medical College of Wisconsin,2,3,4,4,5,3,3,3,3,1,2,3,1,1,1,2,3,1,2,2,2,2,3,True,False,True,True,False,True,False,False,False,True,False,False,False,False,True,True,True,True,True,True,True,True,True
13fb9b38-4a6a-45fa-8213-1a7896dcf175,5/2/2019 5:55:18 PM,TRUST Program at University of Washington School of Medicine,5,5,5,5,5,5,5,5,5,5,5,5,5,5,5,5,5,5,5,5,5,5,5,False,False,False,False,False,False,False,False,False,False,False,False,False,False,False,False,False,False,False,False,False,False,True
ead1eeb2-5cc0-415c-958a-5dcbdcfe342e,5/2/2019 9:37:10 PM,TRUST Program at University of Washington School of Medicine,3,2,4,2,3,3,3,3,3,3,3,3,3,3,3,3,3,3,3,3,3,3,3,False,True,False,True,False,False,False,False,False,False,False,False,False,False,False,False,False,False,False,False,False,False,False
8c1366df-e4d6-4999-bae4-a4e401352653,5/11/2019 5:41:58 AM,University of Hawaii John A. Burns School of Medicine,3,3,3,3,3,3,3,3,3,3,3,3,3,3,3,3,3,3,3,3,3,3,3,False,False,False,True,False,True,False,False,False,False,False,False,True,False,False,False,True,False,False,False,True,False,False
55636fe2-e4e7-41b4-8d58-8debbfa7c08a,5/11/2019 5:47:01 AM,University of Hawaii John A. Burns School of Medicine,4,4,4,4,4,4,4,4,4,4,4,4,4,4,4,4,4,4,4,4,4,4,4,False,False,False,True,False,False,False,False,False,True,False,False,False,True,False,False,True,False,False,False,False,False,True
737a9119-e499-4f79-bbf4-d09d03ee067d,5/11/2019 5:50:16 AM,University of Hawaii John A. Burns School of Medicine,4,5,5,4,4,4,5,5,5,5,5,5,5,5,5,5,4,4,5,5,5,5,5,False,False,False,True,False,False,True,False,False,False,False,True,False,False,False,False,True,False,False,False,False,True,False
09a4c148-40bb-4068-9534-a6f20111c417,5/11/2019 5:55:12 AM,University of Hawaii John A. Burns School of Medicine,5,5,5,5,5,5,4,4,5,5,5,5,5,4,5,4,5,4,5,4,5,5,5,False,False,False,False,False,False,False,False,True,False,True,False,False,False,False,True,False,False,False,False,False,False,True
05da15f9-eb20-4e91-a8ff-813c691a464a,5/17/2019 4:45:54 PM,0 STFM Staff,1,2,2,1,1,2,2,3,3,3,1,1,3,4,1,1,2,2,3,1,1,1,1,True,False,True,False,False,False,True,False,False,False,True,True,False,False,False,False,True,False,False,False,False,False,False
a27fe44c-def4-4721-a646-6bb06142f87d,5/23/2019 8:26:04 PM,Washington State University ESFCOM,1,2,3,4,5,2,3,3,3,3,3,2,3,2,3,3,3,3,3,3,3,3,3,True,False,False,False,False,True,False,False,False,False,False,True,False,True,False,False,True,True,False,False,False,True,False
1aab9d7c-70fa-42a6-8398-46a1951c1989,5/29/2019 7:45:41 PM,University of Illinois College of Medicine Peoria,4,4,3,4,4,5,3,4,4,3,3,3,4,4,4,4,4,4,4,4,4,4,4,False,False,False,False,False,True,False,False,False,False,False,False,True,False,False,False,False,True,False,False,False,False,False
610a49ef-4da2-493f-a53d-520a4332d18c,6/7/2019 1:39:19 PM,University of Alabama,2,2,2,2,2,2,2,2,2,2,2,2,2,2,2,2,2,2,2,2,2,2,2,False,False,False,False,False,False,False,False,False,False,False,False,False,False,False,False,False,False,False,False,False,False,False
1fcc194e-6f61-4cca-a737-5ee51774d285,6/7/2019 1:55:37 PM,University of Alabama,2,2,2,2,2,2,2,2,2,2,2,2,2,2,2,2,2,2,2,2,2,2,2,False,False,False,False,False,False,False,False,False,False,False,False,False,False,False,False,False,False,False,False,False,False,False
51347102-ce2e-44ce-a4b1-9f505567d7ac,6/10/2019 7:30:16 PM,Hackensack Meridian School of Medicine at Seton Hall Univeristy,4,5,3,5,4,5,3,5,4,5,5,5,5,5,5,5,4,5,4,4,5,4,4,True,True,True,True,True,True,True,True,True,True,True,True,True,True,True,True,True,True,True,True,True,True,True
6cd6608b-b56b-4e6d-b413-185a3cca3e24,6/17/2019 11:12:40 PM,University of Illinois College of Medicine Peoria,4,5,4,4,4,5,5,5,4,4,5,4,4,4,5,4,5,4,5,5,5,4,4,False,False,False,False,False,True,False,True,False,False,False,False,False,True,True,False,True,False,False,True,False,False,True
bc1aa1ef-80e6-4375-b2cb-b24356cb6847,6/20/2019 6:00:51 PM,University of Illinois College of Medicine Peoria,4,2,4,4,2,4,4,5,4,1,2,2,1,2,4,4,3,4,3,5,5,4,4,True,True,True,True,True,True,True,True,True,True,True,True,True,True,True,True,True,True,True,True,True,True,True
d8a63b0e-f708-4b40-94c2-93696662aad2,6/23/2019 7:31:56 PM,University of Illinois College of Medicine Peoria,3,3,3,4,3,4,4,2,4,2,3,1,3,2,4,3,4,3,4,4,3,2,4,False,False,False,False,False,True,True,True,False,True,True,True,True,True,False,True,True,False,True,True,False,False,True
1e673516-621e-4e61-8314-c1c386ad5a54,6/29/2019 12:23:40 AM,University of Hawaii John A. Burns School of Medicine,3,3,3,4,3,4,5,4,3,3,4,3,3,4,3,3,2,3,4,2,3,2,2,False,False,False,False,True,True,False,False,False,False,False,False,False,True,False,False,False,False,False,False,False,False,False
481939bc-99ef-4948-91e6-800982542ea4,6/29/2019 1:52:01 AM,University of Hawaii John A. Burns School of Medicine,3,3,3,3,3,3,3,3,3,3,3,3,3,3,3,3,3,3,3,3,3,3,3,False,False,False,False,False,False,False,False,False,False,False,False,False,True,False,False,False,False,False,False,False,False,False
0f4238df-3c0b-4bcf-b583-58746202433d,7/17/2019 5:59:07 AM,Ohio University HCOM,4,5,4,3,4,4,3,3,2,4,3,3,3,4,5,3,3,4,4,4,4,4,4,False,False,False,False,False,True,False,False,False,True,False,True,False,False,False,False,True,False,True,False,False,False,True
e30c9c31-ee9a-4b00-9433-02f05064c7f0,7/21/2019 10:21:52 PM,Ohio University HCOM,5,3,3,4,2,4,3,4,2,4,4,1,1,4,1,4,4,4,4,4,5,3,4,False,False,True,False,False,False,False,True,False,False,True,False,False,False,False,False,True,False,False,True,False,False,False
bbb89828-7f64-428e-aa30-7193d67412b5,8/6/2019 3:31:14 PM,UAB School of Medicine,4,2,4,3,1,1,1,2,3,1,1,1,1,1,4,2,1,1,1,2,1,1,2,False,False,False,False,False,False,True,False,False,True,True,True,True,True,True,True,True,True,True,False,True,False,False
62032781-d97a-47db-98dd-89552929b239,8/6/2019 4:10:02 PM,University of Illinois College of Medicine Peoria,3,2,2,2,3,2,2,2,2,3,3,1,2,1,4,3,3,2,3,4,3,3,3,False,False,False,False,False,False,False,False,False,False,False,False,False,False,False,False,False,False,False,False,False,False,False
b5175d69-2e49-4bdc-8900-3b753cc5b9d8,9/2/2019 9:24:06 PM,UAB School of Medicine,4,3,4,3,2,5,4,3,4,3,3,3,4,4,4,3,4,4,3,5,5,4,3,True,False,False,False,False,True,False,False,False,False,False,False,False,False,False,False,False,False,False,False,False,False,False
075a59e0-073c-4e88-a0ba-b6894c273050,9/5/2019 2:02:16 PM,University of Illinois College of Medicine Peoria,3,2,3,2,2,4,2,2,3,2,2,1,1,2,3,2,1,2,3,2,2,2,2,False,False,True,False,False,False,False,True,False,False,False,False,True,False,False,False,False,False,False,False,False,False,False
3ced5805-1ac9-4df0-af30-b420f4945602,9/6/2019 2:51:19 AM,Des Moines University College of Osteopathic Medicine,5,4,3,3,4,3,3,4,3,4,4,3,4,4,3,4,4,4,4,4,4,4,4,True,True,False,False,False,False,False,True,False,True,False,False,True,False,False,False,False,False,False,False,False,False,False
cedd5720-39e4-4f90-940c-d12d241fce12,9/20/2019 3:28:22 PM,University of Illinois College of Medicine Peoria,3,2,2,2,2,2,4,2,4,4,3,1,3,3,2,4,4,3,4,5,5,3,4,False,False,False,False,False,False,False,False,False,False,False,False,False,False,False,False,True,True,False,False,False,False,False
6da10aee-c290-421a-b35f-ccd6c576b076,10/14/2019 4:38:53 PM,Louisiana State University School of Medicine,4,4,4,3,3,4,2,4,4,4,4,4,4,5,5,4,3,5,5,5,5,4,4,False,True,True,True,False,True,False,True,False,True,False,False,True,True,False,False,True,False,True,True,True,True,False
3c8b8f43-c013-457f-ac06-0ab79595703e,10/30/2019 8:42:03 PM,Ohio University HCOM,4,4,3,3,3,5,4,2,3,4,2,2,2,2,2,4,5,4,3,4,4,3,3,False,True,False,False,False,True,False,False,False,True,True,True,False,False,False,True,False,False,False,True,True,False,False
fe1fc259-bd5c-4cab-b840-87e855f2277f,11/15/2019 4:31:51 PM,Hackensack Meridian School of Medicine at Seton Hall Univeristy,1,1,1,1,3,3,2,4,4,5,4,3,3,5,3,5,1,5,5,3,1,4,1,True,True,True,True,True,True,True,True,True,True,True,True,True,True,True,True,True,True,True,True,True,True,True
3e2eb1b6-0564-406c-8874-363740a79c99,12/3/2019 12:38:04 AM,Pacific Northwest Univ of Health Sciences COM Clinical Education,3,2,2,4,4,4,3,3,4,2,2,2,2,1,1,1,3,4,1,3,4,4,3,False,True,False,False,False,False,False,False,False,True,False,False,False,True,True,True,True,False,True,False,False,False,False
824f7ea3-fc79-4d7b-b650-6fab380fe8de,3/31/2020 8:42:22 PM,0 STFM Staff,4,4,4,4,4,4,4,4,4,4,4,4,4,4,4,4,4,4,4,4,4,4,4,False,False,False,False,False,False,False,False,False,False,False,True,False,False,False,False,False,False,False,False,False,False,False
cebb3850-6644-4386-94d8-9e6d39f058ca,5/14/2020 2:51:20 PM,0 STFM Staff,3,4,2,3,2,3,3,1,3,2,2,3,2,3,2,3,2,3,2,2,1,2,3,True,False,False,False,False,False,False,False,False,False,False,False,False,False,False,False,False,False,False,False,False,False,False
dc3fcd6f-2bde-41d3-b578-862ca8fead84,6/30/2020 12:52:26 AM,University of Hawaii John A. Burns School of Medicine,3,4,4,3,3,4,2,4,4,2,2,3,2,3,5,3,2,4,3,2,4,3,4,True,True,False,False,True,False,True,True,False,False,False,False,False,True,False,False,False,True,True,True,True,True,True
d1750530-7c41-412d-9b17-0fd41b9989ac,7/23/2020 1:47:35 PM,Ohio University HCOM,5,5,5,5,5,5,5,5,5,5,5,5,5,5,5,5,5,5,5,5,5,5,5,False,True,True,False,True,False,False,False,True,False,False,False,True,False,False,True,False,True,False,True,True,False,True
225116ec-6a8f-46ac-8785-f8ed4ece428f,7/23/2020 2:37:19 PM,Ohio University HCOM,5,3,3,2,4,3,2,3,4,3,2,2,2,1,2,3,3,4,3,4,4,2,4,True,True,True,True,True,True,True,True,True,True,True,True,True,True,False,True,True,True,True,True,True,True,True
6e36be77-88cf-4db5-bae5-a5f81a06dcbe,7/28/2020 4:26:20 PM,Washington State University ESFCOM,2,2,3,2,3,3,1,2,2,3,1,2,1,3,3,2,1,1,2,2,3,3,3,False,False,False,True,False,False,True,False,False,True,True,False,True,False,False,False,True,True,False,False,False,False,False
8ccd3f54-c9e7-4a0a-9e28-403087b8dce8,7/29/2020 6:51:31 PM,Ohio University HCOM,3,3,2,2,2,2,2,2,3,2,3,1,2,1,1,2,2,2,1,2,2,2,2,False,False,False,False,False,False,False,False,False,True,True,False,False,False,False,False,False,True,False,True,False,False,False
66abdbb2-2021-4443-b413-785591a51e1e,8/7/2020 2:25:59 PM,Rowan University School of Osteopathic Medicine,4,5,4,4,5,2,3,3,2,3,3,3,4,3,1,3,2,3,4,4,4,2,4,False,False,False,True,False,True,False,False,False,False,False,False,False,False,False,False,False,False,False,False,False,True,False
16e9d42b-7190-49b2-b586-bea08b5eafa0,8/18/2020 4:53:24 PM,0 STFM Staff,1,2,4,4,3,3,3,2,4,3,3,4,5,4,3,3,4,1,1,2,3,4,3,True,False,False,False,True,False,False,False,True,False,False,True,False,True,False,False,False,True,True,False,False,False,False
a31066d3-ce1d-4d42-aa8a-8f3a76e1bfcf,9/25/2020 9:56:12 PM,RWJBH Somerset Family Medicine Residency,4,3,4,3,3,3,2,2,3,4,3,3,3,3,3,4,3,3,3,4,3,4,4,False,False,False,True,False,True,True,True,True,True,True,True,True,True,True,True,True,True,True,True,True,True,True
4d66d45b-4171-4f76-8234-2f0e9dd4a14c,10/10/2020 12:20:44 PM,Idaho College of Osteopathic Medicine,4,5,4,1,5,5,5,4,4,4,5,4,4,4,5,5,5,5,5,5,5,4,5,False,False,False,False,False,False,False,False,False,False,False,False,False,False,True,False,True,True,False,False,False,False,False
c2ba6773-ba1b-4a7c-9575-07cdb8f7ef46,10/20/2020 1:43:40 PM,RWJBH Somerset Family Medicine Residency,3,3,2,3,3,3,2,3,3,3,3,3,3,3,4,3,3,3,3,3,2,3,4,False,False,False,False,False,False,False,False,False,False,False,False,False,False,False,False,False,False,False,False,False,False,False
41b6f3a2-6f77-4a7f-a6bd-fa4d8843e8ec,11/9/2020 3:10:46 AM,Distributed Learning & Rural Initiatives - University of Calgary,4,3,4,3,4,4,3,4,3,3,3,4,3,4,3,4,4,5,3,4,3,3,4,True,True,True,True,True,True,True,True,True,True,True,True,True,True,True,True,True,True,True,True,True,True,False
5384516d-b1e9-4d56-a9eb-96f788fdf854,12/2/2020 2:34:31 PM,0 STFM Staff,1,2,3,2,3,3,4,4,3,4,3,3,2,2,3,2,4,3,3,3,4,3,3,True,False,False,False,False,True,True,False,False,True,False,False,False,True,True,True,False,False,False,False,True,False,True
7b6648ee-d6d6-4fd4-8f4f-3b5c8a0b2c34,12/10/2020 6:53:40 PM,Indiana University School of Medicine,3,3,3,3,3,3,2,2,4,3,3,1,1,1,2,3,3,3,1,4,4,3,1,False,True,True,False,False,True,True,False,False,True,True,False,False,True,False,True,True,True,False,False,True,False,True
4197406a-73bc-4f66-8687-1288405a55b7,12/21/2020 3:05:05 PM,Ohio University HCOM,5,5,2,4,4,5,4,4,4,5,4,4,4,4,4,4,5,4,4,4,4,4,3,True,True,False,True,False,True,False,False,False,True,False,False,True,True,False,False,True,False,False,False,False,False,False
8445e52c-30cf-4b94-aac7-8a053772f160,12/28/2020 3:45:12 AM,Kaiser Santa Rosa Family Medicine Residency,4,2,1,2,2,2,1,1,4,2,3,3,1,3,1,4,3,2,2,5,3,4,4,False,False,True,False,False,False,True,True,False,True,True,True,True,False,False,False,True,True,True,False,False,False,False
d87a70ab-36bb-4e40-a797-70fbf5492c30,1/14/2021 11:21:52 PM,Idaho College of Osteopathic Medicine,5,3,5,3,3,4,5,4,4,5,4,5,4,4,5,4,5,4,4,5,4,5,5,True,True,True,True,True,True,True,True,True,True,True,True,True,True,True,True,True,True,True,True,True,True,True
97dc19bf-2e2c-4600-9eef-2b1570fbf7c2,1/20/2021 12:59:02 AM,Kaiser Santa Rosa Family Medicine Residency,4,3,2,2,2,4,2,3,2,2,3,1,2,1,2,2,4,2,2,4,4,2,3,True,False,True,True,False,True,False,True,True,False,False,False,False,False,False,False,True,False,True,False,False,False,False
0ce66a9e-e4bb-40c1-b0f4-e1ac73b67d9f,1/29/2021 6:23:09 PM,Via College of Osteopathic Medicine,4,5,5,4,4,3,4,5,3,3,3,5,4,3,3,4,4,4,3,4,4,4,5,False,False,False,False,False,False,False,True,False,False,False,True,False,False,False,False,False,False,False,False,False,False,True
a09587aa-adfb-4d7b-9f68-76e966050e3e,2/23/2021 7:12:29 PM,0 STFM Staff,3,5,1,3,4,5,2,2,3,4,2,3,2,2,2,3,3,3,3,1,1,2,2,False,False,True,False,True,False,False,False,True,False,False,False,False,True,False,True,False,True,False,False,False,False,False
72599eeb-ebec-4071-a170-8ae21cefe010,2/24/2021 8:52:43 PM,Kaiser Santa Rosa Family Medicine Residency,1,1,1,1,1,1,1,1,1,1,1,1,1,1,1,1,1,1,1,1,1,1,1,False,False,False,False,False,False,False,False,False,False,False,False,False,False,False,False,False,False,False,False,False,False,False
bf3effa1-df5d-402e-8b7d-1184125a06bb,3/3/2021 8:17:40 PM,University of Rochester School of Medicine & Dentistry,4,3,4,3,4,2,4,4,3,4,3,3,3,3,4,4,4,4,3,4,5,4,4,True,False,False,True,False,False,False,True,True,False,False,True,True,False,False,False,True,True,True,False,False,False,True
2e808a7e-7aa4-4c84-88ae-f18266294aa7,3/5/2021 6:05:21 PM,0 STFM Staff,2,3,2,3,2,3,3,2,3,3,3,2,3,3,2,2,3,3,2,2,3,4,3,False,False,False,False,False,False,False,False,False,False,False,False,False,False,False,False,False,False,False,False,False,True,False
567c8095-4b42-40ee-8c2a-8360a53ab20d,3/5/2021 7:34:47 PM,0 STFM Staff,2,2,3,3,2,3,2,2,1,1,3,4,4,3,2,2,3,2,2,1,1,2,2,False,False,True,False,True,False,False,False,True,True,False,False,False,True,True,False,False,False,False,True,True,False,False
79727b01-069b-4fbb-8b87-363858dbe625,3/5/2021 9:41:50 PM,Idaho College of Osteopathic Medicine,5,5,4,4,5,5,5,5,4,5,5,5,5,5,4,4,5,5,5,5,5,5,5,True,True,False,False,True,True,True,True,False,True,True,True,True,True,True,True,True,True,True,True,True,True,True
59b4c46f-c583-4ee0-8010-bc05e423e13c,3/5/2021 10:32:04 PM,University of Hawaii John A. Burns School of Medicine,5,5,4,4,2,3,4,4,3,4,3,3,4,4,4,4,3,4,4,4,4,4,4,True,True,True,True,True,True,True,True,True,True,False,False,False,False,False,False,False,False,False,False,False,False,False
9f07c607-b64f-4d9a-9873-3e23ca954509,3/5/2021 11:19:31 PM,Indiana University School of Medicine,4,5,4,4,5,5,5,4,5,5,4,4,4,4,5,5,5,4,4,5,5,5,5,False,False,False,False,False,False,False,False,False,False,False,False,False,False,False,False,False,False,False,False,False,False,False
d2c180d5-f2dc-4919-9de0-c1cf8f2d7e7d,3/6/2021 5:34:41 AM,Des Moines University College of Osteopathic Medicine,4,2,2,3,2,3,3,2,2,3,2,1,1,3,2,2,1,2,3,4,1,2,4,True,False,False,True,False,True,True,True,False,True,True,True,True,True,False,True,True,True,True,True,True,True,True
89b34eb4-cbcf-44e2-a2bf-b8d026faa7ea,3/6/2021 4:38:18 PM,Ohio University HCOM,4,3,4,3,3,3,3,3,3,4,4,4,4,4,3,3,3,3,3,3,3,2,3,False,False,False,True,False,False,True,False,False,False,False,True,False,False,False,True,False,True,False,False,False,False,False
7fd63ee8-4de4-48ef-ada9-1f999617c023,3/7/2021 7:06:36 PM,Pacific Northwest Univ of Health Sciences COM Clinical Education,4,4,5,4,4,5,5,4,3,4,3,3,4,3,3,4,4,4,4,4,4,4,4,False,False,False,True,False,False,False,False,False,False,False,False,False,False,False,False,False,False,False,False,False,False,False
e871b742-071a-4a1c-848c-e387f0f78a82,3/8/2021 3:58:53 PM,0 STFM Staff,2,2,2,2,2,2,3,3,3,3,3,3,3,3,3,3,3,3,3,3,3,3,3,False,True,True,True,True,True,False,False,False,False,False,False,False,False,False,False,False,False,False,False,False,False,False
fcba2b7d-590f-469d-98ce-bf2c8a318408,3/8/2021 4:12:08 PM,0 STFM Staff,1,2,2,3,2,3,2,2,3,3,2,2,2,4,2,3,3,3,2,2,3,3,2,False,False,True,False,False,False,False,True,True,False,True,False,False,False,False,True,False,False,False,False,False,False,True
f52841ea-02e2-4e1a-a47d-a8708f9e357c,3/8/2021 6:33:15 PM,Ohio University HCOM,4,2,2,1,1,3,5,5,5,5,3,3,3,4,1,2,2,2,2,2,2,2,2,True,False,False,False,False,False,True,True,True,True,True,True,True,True,False,False,True,True,False,True,True,True,True
1015681e-f9c9-4758-aff2-f0cde0793e6a,3/8/2021 6:43:42 PM,0 STFM Staff,2,2,2,2,3,2,3,3,3,3,3,3,3,3,3,3,3,3,3,3,3,3,3,True,True,True,True,True,True,False,False,False,False,False,False,False,False,False,False,False,False,False,False,False,False,False
ae888e48-cbcb-4ea0-b920-ece24cbaca86,3/9/2021 5:32:31 AM,Des Moines University College of Osteopathic Medicine,5,4,5,4,4,4,5,5,4,4,5,4,5,4,5,4,5,4,4,4,4,4,4,True,True,True,True,True,True,True,True,True,True,True,True,True,True,True,True,True,True,True,True,True,True,True
8773e994-b059-46a1-aeb7-549a95d67e38,3/10/2021 3:43:01 PM,Des Moines University College of Osteopathic Medicine,4,4,4,5,3,5,2,4,4,5,4,4,4,3,2,3,3,5,3,4,4,3,3,True,True,False,True,False,True,True,True,False,True,True,True,True,True,False,True,True,True,True,True,False,True,True
a7455ad8-1162-424b-af67-43da925a5d1c,3/12/2021 4:03:31 PM,Bayfront Health St. Petersburg,3,1,2,4,2,4,2,3,4,2,4,2,3,2,2,3,1,2,5,2,3,4,4,True,True,True,True,True,True,True,True,True,True,True,True,True,True,True,True,True,True,True,True,True,True,True
3f5bb5ba-acbc-4245-8c4c-a6b86d747e8f,3/12/2021 4:11:27 PM,Bayfront Health St. Petersburg,3,2,4,3,4,4,1,1,2,2,2,1,1,2,2,2,2,2,2,4,3,2,3,True,False,False,True,False,False,True,False,False,True,True,True,True,True,False,False,True,True,False,False,False,False,False
6e46940c-cb46-4dc7-b9be-6607d55e591d,3/15/2021 8:08:07 PM,Via College of Osteopathic Medicine,4,5,5,4,3,5,4,3,2,4,3,2,3,3,2,2,2,2,2,2,2,2,2,True,True,False,True,False,True,False,False,False,True,True,False,False,False,False,False,False,False,False,False,False,False,False
c42e2616-b9da-45af-8bb8-ca5a96c69918,3/25/2021 5:50:23 PM,Indiana University School of Medicine,4,5,3,3,4,3,5,4,2,5,4,4,4,5,4,4,4,5,4,3,4,3,5,True,False,False,True,False,False,False,True,True,True,True,False,True,True,False,False,False,False,False,False,False,False,False
181c4f97-52ba-4596-95d3-44b72d11785f,4/6/2021 8:32:44 PM,0 STFM Staff,1,2,2,2,1,3,3,3,2,3,2,1,1,3,2,2,3,4,2,2,3,2,1,False,False,False,True,True,False,False,False,False,False,True,True,True,False,False,True,False,False,False,False,False,True,True
0cd1bfd8-83f8-42cf-baf0-88dd18becd0b,4/11/2021 1:51:28 PM,Peninsula Regional Medical Center,4,4,3,4,4,3,5,3,4,4,4,4,4,4,4,3,4,4,4,4,5,4,4,True,True,False,False,False,False,True,False,True,True,True,True,False,True,True,True,True,True,False,True,True,False,True
d55b4a02-7dc2-401b-81fb-a286ab466532,4/17/2021 7:51:49 PM,Ohio University Physician Assistant Program,4,3,3,4,4,3,3,3,3,4,3,4,3,3,3,3,5,5,5,4,5,4,4,True,True,True,True,True,True,True,True,True,True,True,True,True,True,True,True,True,True,True,True,True,True,True
8e817b3b-e786-4ebd-a989-556e1caf5f86,4/18/2021 11:31:13 PM,Peninsula Regional Medical Center,3,5,3,4,5,3,2,2,2,1,2,1,3,1,1,2,1,2,4,2,2,2,3,True,True,False,False,False,False,True,True,False,True,True,False,False,True,False,True,True,True,False,True,True,False,False
8b9b7f92-aa09-4b1f-8ead-7e3ae1fc1103,4/21/2021 4:53:17 PM,VA RIFDI,2,3,3,3,3,3,4,4,3,4,3,3,3,4,3,4,4,3,4,4,3,3,4,False,False,False,False,False,False,False,False,True,True,True,True,True,True,False,False,False,True,False,True,False,True,True
d3450bf3-e579-4b74-9838-ebbe6e1f2dab,5/15/2021 1:01:50 AM,BU Family Medicine,2,2,1,3,1,2,1,2,2,2,3,1,3,1,1,1,1,2,2,2,2,2,3,False,True,True,True,False,False,True,False,True,True,False,True,True,True,True,True,True,True,True,False,False,True,True
812067fb-a7da-493c-a829-c0c820e86bed,6/3/2021 7:11:37 PM,Peninsula Regional Medical Center,2,2,2,2,2,2,2,2,2,2,2,2,2,2,2,2,2,2,2,2,2,2,2,False,False,False,False,True,False,False,False,False,True,False,False,True,False,False,False,False,True,False,False,False,True,False
e35fa18d-a7ef-409c-8434-e85456eb90f2,6/7/2021 1:23:59 PM,Ohio University HCOM,4,3,4,3,3,4,2,3,4,2,2,2,2,1,3,3,3,2,3,2,2,2,2,False,False,True,False,False,False,True,True,False,False,True,False,True,False,False,False,False,False,True,False,False,False,False
3ad6f1dd-8209-411b-9433-8254aa01ef98,6/7/2021 3:33:16 PM,Indiana University School of Medicine,5,5,5,5,5,5,5,5,5,5,5,5,5,5,5,5,5,5,5,5,5,5,5,False,False,False,False,False,False,False,False,False,False,False,False,False,False,False,False,False,False,False,False,False,False,True
6457d9a0-3490-4065-a287-1fa81f4e92a1,6/8/2021 3:09:39 PM,Ohio University HCOM,5,5,5,3,5,5,4,4,3,4,4,1,4,1,1,5,4,4,4,5,2,3,3,True,True,True,True,True,True,False,True,False,True,True,False,False,False,False,True,True,True,True,True,False,True,False
0c108498-e5cc-4d60-941d-5747f3ef23d6,6/24/2021 3:42:28 PM,Indiana University School of Medicine,5,4,3,5,5,4,5,5,5,5,4,3,3,3,4,4,4,4,4,5,4,4,5,True,True,True,True,True,True,True,True,True,True,True,True,True,True,True,True,True,True,True,True,True,True,True
15caae4d-5053-41a9-96ac-259ac46d5c52,6/29/2021 3:19:20 PM,0 STFM Staff,3,2,2,2,4,3,2,3,2,4,2,2,3,2,2,3,3,4,4,2,2,3,4,False,False,True,True,False,False,False,True,False,True,False,True,False,True,False,False,False,True,True,False,False,False,True
db7d3532-0627-49c7-b266-0c6ad397631f,7/6/2021 9:29:41 PM,Peninsula Regional Medical Center,3,5,3,2,4,4,4,3,2,2,2,1,3,1,3,2,3,4,4,3,4,2,4,True,False,False,False,False,True,True,True,False,False,True,True,True,True,False,False,True,True,True,False,False,False,True
958305f3-abcb-426b-b814-0a36068bee1f,7/22/2021 4:03:30 AM,University of Rochester School of Medicine & Dentistry,3,3,4,4,2,3,1,4,3,5,3,3,2,3,1,2,5,5,4,4,1,5,2,True,False,False,False,False,False,True,True,False,False,True,False,True,False,False,False,False,False,True,False,False,False,True
82c26346-3d41-40b3-a6fa-55d3c5e42fc5,8/7/2021 12:55:14 PM,0 STFM Staff,2,3,3,3,2,2,1,1,1,1,1,1,1,1,5,5,5,5,5,4,4,4,4,False,True,True,True,False,False,True,False,False,False,True,False,False,False,True,False,False,False,False,True,False,False,False
9970a9cd-c2e3-40ef-beda-550276305eb5,8/10/2021 4:34:03 PM,Ohio University HCOM,4,1,2,4,3,4,4,3,5,1,4,1,1,4,4,4,5,4,3,5,5,4,4,True,False,False,True,False,False,False,False,True,True,True,False,False,False,False,True,True,False,True,True,False,False,False
612e06f8-4824-4eba-90c1-00620004be1b,8/10/2021 7:34:01 PM,Ohio University HCOM,2,2,2,3,5,3,3,1,3,1,1,1,1,1,2,3,1,1,2,2,3,2,5,False,False,False,False,False,False,False,False,False,False,False,False,False,False,False,False,True,True,True,False,False,False,False
848676cb-0c0a-4a98-a98a-37d27c0ab85f,8/10/2021 8:12:21 PM,Medical College of Wisconsin,4,3,5,4,5,4,1,2,3,1,3,1,4,2,1,1,3,3,3,3,3,4,2,True,False,False,False,False,True,True,True,False,True,True,False,False,True,False,False,True,True,True,True,False,False,False
70e6f0d6-5d44-4d1a-8ad1-3a4c83967d35,8/11/2021 7:25:00 PM,Pacific Northwest Univ of Health Sciences COM Clinical Education,2,5,2,2,2,5,2,5,2,5,5,2,2,5,2,5,2,5,2,2,5,2,5,False,True,False,False,False,True,False,True,False,True,True,False,False,True,False,True,False,True,False,False,True,False,True
52f692c0-b2a3-41e9-ad9d-5ef530a20312,8/11/2021 8:58:10 PM,Ohio University HCOM,4,3,2,3,3,4,5,5,4,3,3,4,3,3,2,3,2,3,2,5,3,2,5,True,True,True,False,False,True,True,True,False,True,False,True,False,True,False,False,True,False,False,True,False,False,True
df5d94dd-65d9-42ee-bfa5-7e254c1fa3bc,8/20/2021 2:45:25 PM,Ohio University HCOM,5,4,3,3,3,4,4,4,3,3,3,3,2,3,3,3,4,4,4,4,4,3,4,True,True,False,False,False,True,True,False,False,False,True,False,True,False,False,False,False,True,False,False,False,False,True
24ce9283-7e5d-464d-8465-8d9caff40b81,8/20/2021 7:14:47 PM,Indiana University School of Medicine,5,5,4,5,5,5,4,5,4,3,3,3,3,3,5,2,4,4,5,4,4,4,4,False,False,False,False,False,False,False,False,False,False,False,False,False,False,False,False,False,False,False,False,False,False,False
cad052cc-3459-4ce3-9f24-8a5abe1a4750,8/23/2021 1:10:25 PM,Ohio University HCOM,5,5,5,5,5,5,5,5,5,5,5,5,5,5,5,5,5,5,5,5,5,5,5,True,True,True,True,True,True,True,True,True,True,True,True,True,True,True,True,True,True,True,True,True,True,True
119ff97e-5551-4e85-83d2-93fbb047b950,9/3/2021 6:54:13 PM,Ohio University HCOM,3,2,3,4,2,3,4,4,1,2,4,1,2,1,2,3,1,3,3,4,2,2,4,False,False,False,True,False,True,False,False,False,False,False,False,False,False,False,False,False,False,True,False,False,False,False
5971a3e0-e010-4d57-a800-0a428e931133,9/14/2021 1:51:13 PM,Ohio University HCOM,4,5,5,4,3,4,4,3,3,4,5,3,4,4,3,2,2,4,3,2,2,2,2,False,True,False,False,False,False,True,False,False,False,False,True,False,False,False,False,True,False,False,False,False,False,False
b6fd437d-5b3c-4a37-b0c0-5acb3f1f43b7,9/17/2021 11:49:59 AM,Ohio University HCOM,4,4,4,4,4,4,4,4,3,4,3,3,4,3,3,3,3,4,4,4,3,3,3,False,False,False,False,False,False,False,False,False,False,False,False,True,False,False,False,False,False,False,True,False,False,False
33687194-360f-4523-8421-349123b1160c,9/20/2021 6:50:31 PM,0 STFM Staff,2,4,2,5,2,4,3,4,3,2,2,4,3,2,4,2,3,4,2,2,5,3,2,False,False,False,False,True,False,True,False,False,False,False,False,False,False,False,False,False,False,False,False,False,True,False
4e8eeaad-30bd-4c47-8a4d-4465d07b034d,9/23/2021 4:43:46 PM,University of Rochester School of Medicine & Dentistry,2,2,2,3,2,2,1,2,2,1,2,2,2,1,2,1,2,1,2,3,2,2,2,True,True,True,True,True,True,True,True,True,True,True,True,True,True,True,True,True,True,True,True,True,True,True
803ff27e-adf7-498a-8fd0-abc6c826ce83,9/23/2021 4:44:27 PM,University of Rochester School of Medicine & Dentistry,5,2,2,2,2,2,3,3,3,3,1,1,1,2,1,1,3,3,3,2,2,2,2,False,False,False,False,False,False,False,False,False,False,False,False,False,False,False,False,False,False,False,False,False,False,False
2d8cb197-36a1-4381-a852-f5db8ba350b7,9/23/2021 4:44:27 PM,University of Rochester School of Medicine & Dentistry,3,4,3,4,4,4,4,4,4,4,3,4,4,4,4,3,3,3,3,5,4,3,4,True,False,False,False,False,False,False,False,False,False,False,False,False,False,False,False,False,False,False,False,False,False,False
a2f309ff-a63f-41b1-b00a-7355644a8eca,9/23/2021 4:45:18 PM,University of Rochester School of Medicine & Dentistry,4,5,4,4,4,5,3,4,3,4,3,4,3,3,3,4,4,3,3,4,4,3,4,True,True,True,True,True,True,True,False,True,False,True,False,False,False,False,True,True,True,False,False,False,True,False
085189db-52c0-4a43-95db-c82f85cffe6b,9/23/2021 4:45:44 PM,University of Rochester School of Medicine & Dentistry,4,3,4,4,3,4,4,5,3,4,4,4,3,4,3,4,5,4,3,4,4,3,4,False,False,False,True,False,True,False,True,False,True,False,False,False,False,False,False,True,False,False,False,False,False,False
2f4aa461-9158-4258-81ef-a40541f61aaf,9/23/2021 4:45:44 PM,University of Rochester School of Medicine & Dentistry,3,5,4,4,1,2,2,4,2,2,3,1,4,2,2,2,3,3,1,3,3,2,4,True,True,True,True,True,True,True,True,True,True,True,True,True,True,True,True,True,True,True,True,True,True,True
ffdfce5b-2edf-4be7-a24f-f4ac38f8159b,9/23/2021 4:46:42 PM,University of Rochester School of Medicine & Dentistry,3,4,5,3,4,4,4,4,4,3,3,3,4,4,4,4,4,4,5,4,4,3,4,False,False,False,False,False,True,False,False,False,True,False,False,False,True,False,False,False,False,True,False,False,False,False
f5250db9-cbce-42ce-a39f-b931de182860,9/23/2021 4:46:47 PM,University of Rochester School of Medicine & Dentistry,3,2,3,3,2,3,1,4,2,1,2,2,1,1,1,2,1,3,2,2,1,2,2,True,True,True,True,True,True,True,True,True,True,True,True,True,True,False,False,False,False,False,False,False,False,False
e2937062-428b-43c4-a33e-9e9e6f68bf22,9/23/2021 4:46:49 PM,University of Rochester School of Medicine & Dentistry,3,3,4,4,2,3,4,3,3,2,3,3,3,1,2,2,3,3,3,4,4,2,3,False,False,False,False,False,False,False,False,False,False,True,False,False,False,False,False,True,True,True,False,False,False,False
7a2a6f19-2d4f-4e35-b5f2-d1920aa8f907,9/23/2021 4:47:51 PM,University of Rochester School of Medicine & Dentistry,4,4,4,3,3,4,4,3,3,4,3,3,4,2,2,2,2,4,3,2,2,2,2,False,False,False,False,False,False,False,False,False,False,True,False,False,False,False,False,False,False,False,False,False,False,False
1a773a69-766b-4555-8e93-fec382c28b0a,9/23/2021 4:48:27 PM,University of Rochester School of Medicine & Dentistry,3,3,3,4,4,4,4,4,3,3,3,3,1,1,3,3,3,3,2,4,3,3,3,False,False,False,False,False,True,False,False,False,False,True,False,True,False,False,False,False,False,False,False,False,False,False
17a1f07f-7159-4800-ad34-d0c8bd665415,9/23/2021 4:48:29 PM,University of Rochester School of Medicine & Dentistry,4,3,5,3,4,4,4,3,3,4,4,3,4,4,4,5,2,4,4,4,4,3,2,False,True,False,True,False,False,False,True,False,False,False,False,False,False,False,True,True,False,False,False,False,True,False
b8eaef49-3f0d-4a82-8445-18f92131b001,9/23/2021 4:50:15 PM,University of Rochester School of Medicine & Dentistry,4,3,4,5,3,5,3,4,4,4,3,4,4,3,3,4,4,3,3,4,3,4,3,True,False,True,True,False,False,False,True,True,True,True,False,False,True,False,False,False,False,False,True,False,False,True
8413a34f-e313-4984-a2da-1e15de1abfd9,9/23/2021 5:00:34 PM,University of Rochester School of Medicine & Dentistry,3,3,4,3,2,4,4,3,3,2,3,3,1,1,3,3,4,3,2,3,4,3,4,False,False,False,False,False,True,False,False,False,False,False,False,True,True,False,False,False,False,False,False,False,False,False
4d8c289a-118f-4e3f-a12c-7bbcc3523543,9/23/2021 5:03:37 PM,University of Rochester School of Medicine & Dentistry,5,2,3,1,1,4,3,2,3,2,3,1,3,2,1,3,4,4,4,5,5,4,5,False,False,False,False,False,False,False,False,False,False,False,False,False,False,False,False,False,False,False,False,False,False,False
3b38ed04-0e35-42dd-aa19-9860e9b8a425,9/27/2021 6:19:48 PM,Des Moines University College of Osteopathic Medicine,5,5,5,5,5,5,5,5,5,5,5,5,5,5,5,5,5,5,5,5,5,5,5,False,False,False,False,False,False,False,False,False,False,False,False,False,False,False,False,False,False,False,False,False,False,False
d6504a3a-ccfd-4d55-947d-0ddb6b783ce3,9/27/2021 6:21:36 PM,Des Moines University College of Osteopathic Medicine,5,5,5,5,5,5,5,5,5,5,5,5,5,5,5,5,5,5,5,5,5,5,5,True,False,False,True,True,True,True,True,True,True,True,True,True,True,True,True,True,True,True,True,True,True,True
c4928302-37a4-4766-aeb9-db24cf5eb448,9/27/2021 11:51:52 PM,Medical College of Wisconsin,5,3,4,4,4,2,3,4,3,2,4,2,2,4,2,2,2,4,3,4,4,2,2,True,True,True,True,True,True,True,True,True,True,True,True,True,True,True,True,True,True,True,True,True,True,True
0d12eda2-3565-4203-b838-38c45eeb2374,9/30/2021 2:40:37 AM,University of Rochester School of Medicine & Dentistry,3,3,4,5,2,4,3,4,3,2,3,4,4,2,1,2,3,3,3,2,2,3,2,False,False,False,True,False,False,False,False,False,True,False,False,False,False,False,False,False,False,False,False,False,True,False
c7d0530a-14c7-49f8-8890-36ec5496546f,10/2/2021 11:41:22 AM,0 STFM Staff,1,1,1,1,1,1,1,1,1,1,1,1,1,1,1,1,1,1,1,1,1,1,1,True,False,False,False,False,False,True,False,False,False,True,False,False,False,True,False,False,False,False,True,False,False,False
3fc0569f-7900-4e34-b0ae-9216dd0cd502,10/3/2021 7:58:03 AM,Western University of Health Sciences/COMP,5,5,5,5,5,5,5,5,5,5,5,5,5,5,5,5,5,5,5,5,5,5,5,True,True,True,True,True,True,True,True,True,True,True,True,True,True,True,True,True,True,True,True,True,True,True
4303bb8f-6556-459e-b439-1e51d606f2eb,10/6/2021 10:44:58 PM,UH College of Medicine,4,3,5,3,4,4,4,3,4,4,4,3,4,3,4,4,4,4,3,4,4,3,3,False,False,False,True,False,False,False,True,False,True,True,True,True,False,False,False,False,False,True,True,False,True,False
6c493e41-9ed8-48cd-8279-da93c718b43e,10/18/2021 3:23:56 AM,University of Rochester School of Medicine & Dentistry,5,2,2,3,2,3,4,2,3,2,3,3,3,2,3,3,4,4,1,4,3,2,4,True,False,False,True,True,True,True,False,False,False,True,True,True,False,False,True,True,True,False,True,False,False,True
27e90b69-8439-4dc0-8add-275f4f179e95,11/6/2021 5:09:29 AM,Medical College of Wisconsin,2,2,2,1,2,1,3,2,4,2,2,1,3,1,3,4,1,2,1,5,4,4,4,True,True,True,True,False,False,True,True,False,True,True,True,True,True,False,False,True,True,True,False,False,False,False
3215fdea-8aaf-462e-8a95-7e5e056bcff0,11/7/2021 12:27:24 PM,Louisiana State University School of Medicine,5,5,5,5,5,5,5,5,5,5,5,5,5,5,5,5,5,5,5,5,5,5,5,False,False,False,False,False,False,False,False,False,False,False,False,False,False,False,False,False,False,False,False,False,False,False
23abade6-04cb-420a-91c0-3a836fba03da,11/8/2021 4:53:16 PM,University of Rochester School of Medicine & Dentistry,2,2,3,3,2,3,4,3,2,3,3,4,4,3,2,4,2,4,3,4,5,3,1,False,False,False,True,False,False,False,False,False,True,False,False,False,False,False,False,False,False,False,False,False,True,False
cc22138a-3335-46e2-ace8-b3b44d505afa,11/30/2021 1:53:08 PM,Ohio University HCOM,5,4,4,4,3,4,4,4,3,4,5,3,4,3,4,4,4,5,4,5,5,5,5,True,False,False,False,False,False,False,False,False,True,False,False,False,False,False,False,False,False,False,True,False,False,True
72f429ac-d09a-45cc-a279-88b2af32b73c,12/3/2021 12:21:51 AM,Indiana University School of Medicine,5,5,5,5,5,5,5,5,5,5,5,5,5,5,5,5,5,5,5,5,5,5,5,True,True,True,True,True,True,True,True,True,True,True,True,True,True,True,True,True,True,True,True,True,True,True
b6577faa-fa11-43f2-ad5d-a2effd411c06,12/8/2021 9:54:13 PM,Ohio University HCOM,2,2,3,2,3,3,2,2,2,1,3,1,2,2,2,2,3,2,3,2,3,2,3,False,True,False,True,False,False,True,False,False,True,False,True,True,True,False,True,False,True,False,True,False,True,False
9f8c4031-634e-459d-8d49-93f26e9adc75,12/13/2021 5:39:21 PM,Ohio University HCOM,4,3,3,5,4,4,1,5,2,2,4,5,4,4,4,5,5,5,4,4,5,4,4,True,True,True,True,True,True,True,True,True,True,True,True,True,True,True,True,True,True,True,True,True,True,True
9d74099b-c173-4f48-9111-30a09dccdaf9,1/14/2022 7:26:26 PM,Bayfront Health St. Petersburg,5,5,4,4,4,3,4,3,4,2,4,3,3,4,4,5,4,3,3,3,4,4,4,True,True,True,True,True,True,True,True,True,True,True,True,True,True,True,True,True,True,True,True,True,True,True
3229a5f4-df4d-4cf3-bf46-bd0d3967b75e,2/9/2022 3:13:52 PM,UH College of Medicine,4,3,1,4,5,4,3,2,4,1,3,1,1,1,4,3,1,2,3,3,2,1,4,False,False,False,False,False,False,True,False,False,False,False,False,True,False,False,False,True,True,True,False,False,False,False
36ff74d2-422b-400c-9075-baa32c6b88e4,2/24/2022 9:52:52 PM,University of Rochester School of Medicine & Dentistry,4,3,3,3,3,4,4,4,4,4,4,4,4,4,4,4,4,4,4,4,4,4,4,False,False,False,False,False,False,True,True,True,True,True,True,True,True,True,True,True,True,True,True,True,True,True
5b871743-1fca-4d66-80e8-57282971ee36,2/24/2022 10:19:33 PM,University of Rochester School of Medicine & Dentistry,3,3,3,3,3,3,4,3,3,2,3,1,3,1,3,3,3,4,3,4,4,2,3,False,False,False,False,False,False,False,False,False,True,True,False,True,True,False,False,True,True,True,True,False,True,True
f93e75ae-79bd-4156-bded-7d26666bdde9,3/25/2022 2:52:27 PM,0 STFM Staff,1,1,1,1,1,1,1,1,1,1,1,1,1,1,1,1,1,1,1,1,1,1,1,True,True,False,False,False,False,False,False,False,False,False,False,False,False,False,False,False,False,False,False,False,False,False
c48c06fd-6cbb-4139-bd5a-382b9059a290,3/25/2022 3:18:48 PM,0 STFM Staff,1,1,1,1,1,1,1,1,1,1,1,1,1,1,1,1,1,1,1,1,1,1,1,True,True,False,False,False,False,False,False,False,False,False,False,False,False,False,False,False,False,False,False,False,False,False
d999a77e-0876-41d4-92bc-dc7f8cedbed8,3/25/2022 3:25:45 PM,0 STFM Staff,1,1,1,1,1,1,1,1,1,1,1,1,1,1,1,1,1,1,1,1,1,1,1,True,True,False,False,False,False,False,False,False,False,False,False,False,False,False,False,False,False,False,False,False,False,False
75d0acdb-2bd6-4388-97fc-d5eaa3725e42,3/27/2022 11:57:20 AM,Bruce Med 5,1,1,1,1,1,1,1,1,1,1,1,1,1,1,1,1,1,1,1,1,1,1,1,False,False,False,False,False,False,False,False,False,False,False,False,False,False,False,False,False,False,True,False,False,False,False
ad3b6818-bd7d-405e-9e17-3d6196aae7e8,3/27/2022 2:15:49 PM,Bruce Med 2,1,1,1,1,1,1,1,1,1,1,1,1,1,1,1,1,1,1,1,1,1,1,1,True,False,False,False,False,False,False,False,False,False,False,False,False,False,False,False,False,False,False,False,False,False,False
7a158102-ae1a-4c01-bbaf-9bf32725ae15,3/27/2022 11:30:14 PM,LU Med School,5,5,5,5,5,5,4,5,4,5,5,5,5,5,5,5,5,5,5,5,5,5,5,True,True,True,True,True,True,True,True,True,True,True,True,True,True,True,True,True,True,True,True,True,True,True
ca05d8b3-c5bb-4eeb-9ed9-c6f7d5812a20,3/27/2022 11:31:47 PM,GU Medical School,5,5,5,5,5,5,5,5,5,5,5,5,5,5,5,5,5,5,5,5,5,5,5,True,True,True,True,True,True,True,True,True,True,True,True,True,True,True,True,True,True,True,True,True,True,True
1a22c844-8049-4e48-86fd-ff0b9cf97165,3/28/2022 10:14:57 AM,IIU Med School,5,5,5,5,5,5,5,5,5,5,5,5,4,5,4,5,5,5,4,5,5,4,4,False,False,False,False,False,True,False,False,False,True,True,False,False,True,True,True,False,False,False,False,True,True,True
5747269f-dab4-4c09-b07e-88ab2d2adcc9,3/28/2022 12:54:10 PM,Bruce Med 2,1,3,4,2,3,4,2,3,4,2,2,3,2,3,2,3,2,3,3,2,3,2,3,True,False,False,False,False,False,False,False,False,False,False,False,False,False,False,False,False,False,False,False,False,False,False
da8aa5b3-b987-4075-a6de-c48b7a327d82,4/4/2022 5:59:35 PM,Lawndale Christian Health Center,3,4,3,1,4,3,5,2,3,3,4,4,4,3,3,3,3,3,4,3,3,5,4,False,False,False,False,False,False,False,False,False,False,False,False,False,True,False,False,True,True,False,False,False,False,False
657974b4-9c82-4e89-8877-b580799205cd,4/7/2022 5:21:59 AM,Medical College of Wisconsin,1,1,1,1,1,1,1,1,1,1,1,1,1,1,1,1,1,1,1,1,1,1,1,True,True,True,True,True,True,True,True,True,True,True,True,True,True,True,True,True,True,True,True,True,True,True
f5810076-fb0b-4260-8199-dc9d53b87276,4/7/2022 10:13:07 PM,Indiana University School of Medicine,5,3,5,4,4,4,5,5,5,5,5,5,5,5,5,5,5,5,5,5,5,5,5,True,True,True,True,True,True,True,True,True,True,True,True,True,True,True,True,True,True,True,True,True,True,True
73790d94-18d3-4fab-a98f-a4efd76e098e,4/7/2022 10:32:01 PM,University of Calgary,4,5,5,4,5,3,5,5,5,5,5,5,5,5,5,4,5,4,5,5,5,4,4,True,True,False,True,False,True,True,True,True,True,True,True,True,True,True,True,True,True,True,True,True,True,True
7664c9e8-1570-4a40-9afa-961931ee9afa,5/9/2022 11:26:29 PM,University of Missouri School of Medicine,5,5,5,4,5,4,1,4,4,3,2,3,4,2,4,4,4,4,4,5,5,4,5,True,True,True,True,True,True,False,False,False,False,False,False,True,False,True,True,False,True,True,True,True,False,True
c6d9313a-f5d0-46ec-8448-7474db1ef896,5/25/2022 12:56:28 AM,Rowan University School of Osteopathic Medicine,5,5,5,5,5,5,5,5,5,5,5,5,5,5,5,5,5,5,5,5,5,5,5,True,True,False,True,False,False,True,True,False,True,True,True,True,True,True,True,True,True,False,False,True,False,True
403460bd-095a-4c9c-a635-955e68e063df,5/26/2022 12:25:22 PM,Mercer University School of Medicine,1,1,1,1,1,1,1,1,1,1,1,1,1,1,1,1,1,1,1,1,1,1,1,False,False,False,False,False,False,False,False,False,False,False,False,False,False,False,False,False,False,False,False,False,False,False
de2864dc-415c-47d2-b222-ba7729e25948,6/3/2022 7:43:52 PM,Des Moines University College of Osteopathic Medicine,4,3,2,3,5,5,4,3,3,2,4,1,4,4,4,3,3,2,3,3,2,3,3,False,False,True,True,False,False,True,True,False,False,False,True,False,False,False,False,False,False,True,False,False,False,False
501ce9cd-63c8-495d-80e7-ff568a4ab709,6/8/2022 12:07:43 PM,0 STFM Staff,1,1,1,1,1,1,1,1,1,1,1,1,1,1,1,1,1,1,1,1,1,1,1,False,False,False,False,False,False,False,False,False,False,False,False,False,False,False,False,False,False,False,False,False,False,False
246892a3-79fe-466f-87ab-af9d8cc6447d,6/8/2022 1:18:39 PM,Bruce Med 3,1,1,1,1,1,1,1,1,1,1,1,1,1,1,1,1,1,1,1,1,1,1,1,True,False,False,False,False,False,False,False,False,False,False,False,False,False,False,False,False,False,False,False,False,False,False
a3fbd911-b1b3-4cef-ba61-d97cf6b6e54e,6/8/2022 1:31:20 PM,Bruce Med 2,1,1,1,1,1,1,1,1,1,1,1,1,1,1,1,1,1,1,1,1,1,1,1,True,False,False,False,False,False,True,False,False,False,False,False,False,False,False,False,False,False,False,False,False,False,False
d6e1a5fb-5544-4122-996f-df9e62c8d0ca,6/20/2022 2:21:33 PM,Bruce Med 2,1,1,1,3,2,3,1,1,1,3,1,1,5,3,4,4,4,4,4,3,4,2,2,False,False,True,False,True,False,True,False,False,False,True,False,False,False,False,False,False,False,False,False,True,False,False
352a89e3-6939-40f5-a09b-703112e50015,6/23/2022 6:14:05 PM,0 STFM Staff,1,3,3,3,2,1,1,1,2,2,2,2,3,3,2,2,2,3,3,2,2,3,2,True,False,False,False,False,True,False,False,False,False,False,False,False,False,False,False,False,False,False,False,False,False,False
bc481b03-dd7c-4c28-8423-0ef0364962ad,7/28/2022 1:15:36 PM,Ohio University HCOM,5,5,4,5,3,4,5,5,5,5,4,4,4,4,5,5,5,5,5,5,4,5,5,True,True,False,True,False,True,True,True,True,True,True,True,True,True,False,True,True,True,True,True,False,True,True
e27155b3-f6d1-4d57-8f34-2e834bb657e9,7/28/2022 6:04:21 PM,Ohio University HCOM,4,4,4,3,4,4,4,4,4,4,4,4,4,4,4,4,4,4,4,4,4,4,4,False,False,False,False,False,False,False,False,False,False,False,False,False,False,False,True,True,True,True,False,False,False,False
366b0a06-3dcd-4419-a267-f23fdff7fa8f,8/2/2022 9:36:52 PM,Ohio University HCOM,3,3,3,4,3,5,4,4,3,2,4,3,3,2,2,3,3,3,3,4,3,2,2,False,False,False,False,False,True,True,False,False,False,True,False,False,False,False,False,True,False,True,True,False,False,False
ec2a370c-3884-4445-afd5-78f6c4fb2904,8/9/2022 4:11:13 PM,Ohio University HCOM,1,1,3,2,2,3,1,1,1,1,1,1,1,1,1,1,1,1,1,1,1,1,1,False,False,False,True,False,False,False,True,False,False,False,False,True,False,False,False,True,True,False,False,False,False,False
6334b158-5661-4f71-b9dc-cdf43011d8a7,8/10/2022 8:23:33 PM,Indiana University School of Medicine,5,5,5,5,5,5,5,5,5,5,5,5,5,4,5,5,5,4,5,5,5,4,5,False,False,False,False,False,False,False,True,False,False,False,False,False,False,False,False,False,False,False,True,False,False,False
78fdfe39-f0d3-4156-9998-a58851a554fa,8/22/2022 9:07:57 PM,TRUST Program at University of Washington School of Medicine,1,1,1,1,1,1,1,1,1,1,1,1,1,1,1,1,1,1,1,1,1,1,1,False,False,False,False,False,False,False,False,False,False,False,False,False,False,False,False,False,False,False,False,False,False,False
bd440585-9f02-4853-9ca8-d1ad8d6e936b,9/13/2022 6:38:39 PM,Washington State University,5,4,4,4,4,4,4,4,3,2,4,3,4,1,3,4,3,3,4,4,5,4,5,False,False,False,True,False,True,False,False,False,True,True,False,False,True,False,False,False,False,False,False,False,False,False
e64db5d9-65ec-4218-84f9-b2f728e0dce3,9/30/2022 1:37:39 PM,Albany Medical College,3,3,1,2,2,1,3,2,3,4,3,2,1,1,2,2,1,2,2,1,1,2,1,False,False,True,True,False,False,False,False,False,False,False,True,False,True,False,False,False,False,False,False,False,False,False
f6bb74a0-e02b-4332-aa34-aab59f47ee8b,9/30/2022 11:15:44 PM,Albany Medical College,2,2,3,4,5,4,2,2,2,3,2,2,3,2,2,2,2,3,2,2,2,2,3,False,False,False,True,False,True,False,False,False,True,False,False,False,True,False,False,False,False,True,False,False,False,False
51f9da5d-9d4f-425b-8684-4f620d5a9be5,9/30/2022 11:26:12 PM,0 STFM Staff,2,3,4,3,2,2,2,2,2,4,4,2,2,1,2,2,3,3,4,2,3,2,3,False,False,False,False,True,True,False,False,True,False,False,False,False,True,False,True,False,False,False,False,False,False,False
81615263-6d53-4af8-92f4-609d5214df88,10/6/2022 3:29:33 PM,TRUST Program at University of Washington School of Medicine,2,2,3,2,1,2,2,3,3,2,2,2,2,3,2,2,1,2,3,2,2,3,3,False,False,False,True,True,False,True,False,False,False,False,False,False,False,False,False,False,False,False,False,False,False,False
c3adff66-8e82-4dfb-b383-be47f63481d2,10/9/2022 2:50:23 AM,Touro University Western Division (Nevada College and California College of Osteopathic Medicine),1,1,1,1,1,1,1,1,1,1,1,1,1,1,1,1,1,1,1,1,1,1,1,True,True,True,True,True,True,True,True,True,True,True,True,True,True,True,True,True,True,True,True,True,True,True
66f931d2-0431-4036-b2b9-2c77e6635649,10/10/2022 10:54:56 AM,Indiana University School of Medicine,2,2,1,2,3,3,3,3,3,3,2,2,2,2,2,2,2,2,2,2,2,2,2,True,True,True,True,True,True,True,True,True,True,True,True,True,True,True,True,True,True,True,True,True,True,True
281ebaf5-bec4-43a0-a0e7-e9f7f716a92b,10/11/2022 6:45:11 PM,Indiana University School of Medicine,1,1,1,2,1,1,1,1,1,1,1,1,1,1,1,1,1,1,1,1,1,1,1,True,True,True,True,True,True,True,True,True,True,True,True,True,True,True,True,True,True,True,True,True,True,True
963ebd5a-e72f-44f8-835a-b055bc4586f1,10/27/2022 3:33:13 PM,Texas Academy of Family Physicians,4,3,4,4,3,5,3,3,1,1,3,3,3,4,4,5,3,3,3,4,4,3,4,True,True,False,False,True,False,True,True,True,True,True,True,True,True,False,False,True,True,True,True,True,True,True
32125933-6ab4-44b1-9a08-dbbb52860025,10/29/2022 1:28:21 AM,University of Hawaii John A. Burns School of Medicine,5,5,3,4,3,5,5,4,4,5,5,4,4,4,5,5,5,5,4,5,5,4,5,False,False,False,False,False,False,True,True,True,True,True,True,True,True,True,True,True,True,True,True,True,True,True
1facc0f5-c0af-417c-b0f0-419199a6a40c,11/7/2022 12:11:52 AM,UT Southwestern Family Medicine,5,5,5,3,5,5,4,4,4,4,4,5,5,5,5,5,5,5,5,5,5,3,5,False,True,True,False,True,True,False,False,True,True,True,True,True,True,False,False,False,True,False,True,True,False,False
a25bd246-51f6-4898-b6cd-9198dcc43f7a,11/7/2022 6:06:47 PM,Des Moines University College of Osteopathic Medicine,3,5,4,4,5,4,5,5,4,4,4,4,4,4,5,4,4,4,4,4,4,4,3,False,False,True,True,True,False,False,True,False,False,False,False,True,False,False,False,False,False,True,False,False,True,False
0495d842-7fb4-4b25-a292-f7eec50597b4,11/8/2022 10:00:10 PM,0 STFM Staff,2,4,3,2,4,1,2,1,3,4,1,3,2,4,2,1,3,1,3,1,2,3,4,False,True,True,True,False,False,False,True,True,True,True,False,True,False,False,True,True,False,False,False,False,False,True
cd67f062-8e42-40b6-a2c4-0067776c4a52,11/8/2022 10:00:12 PM,0 STFM Staff,4,2,3,2,3,2,4,3,4,3,3,4,3,4,4,4,5,4,3,3,4,4,3,False,False,False,False,False,False,False,False,False,False,False,False,False,False,False,False,False,False,False,False,False,True,False
984accb8-8f33-4a69-883b-acb5480d706f,1/20/2023 12:40:44 AM,Bruce Med 2,2,2,2,2,2,2,2,2,2,2,2,2,2,2,2,2,2,2,2,2,2,2,2,True,False,False,False,False,False,False,False,False,False,False,False,False,False,False,False,False,False,False,False,False,False,False
8dbc0468-7e15-4f43-95e2-902db3fe6697,1/21/2023 1:54:18 PM,0 STFM Staff,2,2,2,2,2,2,2,2,2,2,2,2,2,2,2,2,2,2,2,2,2,2,2,True,False,False,False,False,False,False,False,False,False,False,False,False,False,False,False,False,False,False,False,False,False,False
18176873-ff39-4565-85a4-23ec8a93a470,1/24/2023 9:31:54 PM,University of Rochester School of Medicine & Dentistry,4,3,3,4,4,3,4,3,4,3,3,3,3,3,4,3,3,4,3,3,4,3,4,False,False,False,True,False,True,True,False,True,False,True,False,False,False,False,False,False,True,False,False,False,False,True
7c445a3f-fd03-41b4-9ae0-406f8c321a5a,1/31/2023 7:40:33 PM,Medical College of Georgia,2,1,2,2,2,2,2,2,2,2,2,2,1,1,1,1,3,2,2,2,2,2,2,True,True,True,True,True,True,True,True,True,True,True,True,True,True,True,True,True,True,True,True,True,True,True
5855f92a-0860-430e-93a8-672b4c1dab1f,1/31/2023 8:03:54 PM,UT Southwestern Family Medicine,2,3,4,4,4,4,3,1,3,4,2,3,3,3,3,3,3,3,4,3,5,5,4,True,False,False,True,False,False,True,False,False,False,False,False,False,False,False,False,False,False,False,False,False,False,False
a618bd7d-01c4-497b-96c9-2e4adf64034f,2/1/2023 2:32:45 PM,0 STFM Staff,1,1,1,1,1,1,1,1,1,1,1,1,1,1,1,1,1,1,1,1,1,1,1,True,False,False,False,False,False,False,False,False,False,False,False,False,False,False,False,False,False,False,False,False,False,False
627a76a4-a221-4d6e-bb61-5f3e9687a8c3,2/11/2023 1:51:50 AM,Sam Houston State University College of Osteopathic Medicine,1,3,3,1,1,1,1,1,2,1,2,1,1,1,1,1,1,1,1,2,2,2,2,True,False,False,False,False,True,False,True,False,True,False,False,True,False,True,True,True,False,False,True,True,False,False
ab62ec8c-fb17-4f83-826d-936aabd7285b,2/13/2023 8:20:51 PM,Univ. of Texas Medical Branch-Galveston (UTMB),1,2,3,4,5,1,2,3,4,5,3,4,5,1,4,5,1,2,3,5,1,2,3,True,False,False,False,False,False,False,True,False,False,False,False,True,False,False,False,False,True,False,False,False,False,True
4561080b-e6c8-4510-a731-f9069f6f82df,2/14/2023 10:28:41 PM,University of Rochester School of Medicine & Dentistry,4,5,4,5,4,4,1,4,4,5,3,5,2,4,3,1,5,5,5,4,1,5,2,False,False,False,False,False,False,False,False,False,False,False,False,True,False,False,False,False,False,False,False,False,False,False
8f1d26e3-efc4-4b63-8e69-a10eedfcf9f2,2/15/2023 3:11:55 PM,University of Rochester School of Medicine & Dentistry,3,3,4,4,2,3,4,3,2,3,3,3,3,2,1,2,3,2,3,4,4,3,2,False,False,False,True,False,True,False,False,False,False,False,False,False,False,False,False,False,False,False,False,False,False,False
8c92d01e-96b8-49fb-8ee4-2482ff25eb92,2/15/2023 9:24:35 PM,University of Rochester School of Medicine & Dentistry,4,4,5,3,4,4,4,5,4,4,4,4,4,4,4,4,4,4,4,4,5,4,4,False,True,False,True,False,False,False,False,False,False,False,True,True,False,False,False,False,False,False,False,False,False,False
bb004cab-ea13-47a0-ba31-32c3f7af7097,2/16/2023 7:24:49 PM,University of Rochester School of Medicine & Dentistry,5,5,5,4,5,4,5,5,2,5,4,4,4,5,5,5,5,4,5,5,5,4,5,False,False,False,False,False,False,False,True,False,False,False,False,False,True,False,True,True,False,False,False,False,False,False
dc035b32-d4bf-4b88-83d9-ca7972296100,2/21/2023 8:28:41 PM,University of Rochester School of Medicine & Dentistry,2,2,2,3,3,2,3,3,2,3,2,3,3,3,3,3,3,3,3,3,3,3,3,False,False,False,False,False,False,False,True,True,True,False,True,True,True,False,True,True,False,True,False,True,False,True
5ae6cc27-6ad7-40a0-978c-97dbce2c11e3,2/24/2023 7:49:05 PM,University of Rochester School of Medicine & Dentistry,4,3,4,5,5,5,4,4,3,4,4,4,4,5,4,2,5,3,5,4,5,5,3,False,True,False,True,False,False,False,False,True,False,True,False,False,False,False,False,True,False,False,False,False,False,True
e03ca305-6af4-4db6-9c72-8e45b4e0a60f,2/24/2023 7:50:12 PM,University of Rochester School of Medicine & Dentistry,4,3,4,5,3,5,4,3,4,4,3,4,4,3,3,4,3,4,3,4,4,4,2,False,True,True,True,False,True,False,True,False,True,True,False,False,False,False,False,False,True,False,False,False,True,False
d1a918ef-c0be-469b-a67e-1468068a0d30,3/8/2023 4:42:28 AM,University of Rochester School of Medicine & Dentistry,4,4,3,3,4,4,4,5,4,4,3,3,4,3,3,4,4,4,3,4,5,4,4,True,False,False,False,False,False,True,False,False,False,False,False,False,False,False,False,False,False,False,False,False,False,False
1e89ddae-58b9-46b4-924d-803cbff3e5a2,3/15/2023 6:34:32 PM,Tilman J. Fertitta Family College of Medicine,5,2,3,3,2,3,5,3,3,2,3,3,4,1,4,4,4,4,3,4,5,2,4,False,False,False,False,False,False,False,False,False,False,False,False,True,True,True,False,False,False,False,False,False,False,False
89f4e511-22f7-453e-9ed3-694dc603bac4,3/23/2023 10:16:39 PM,Ohio University HCOM,4,3,3,4,3,3,2,2,3,2,2,1,3,3,3,3,3,3,3,3,3,3,3,True,True,False,False,False,False,False,False,False,False,True,False,False,False,False,False,False,False,False,False,False,False,False
87483572-2ea3-48a5-8c1b-f7c0067c95e1,5/10/2023 1:06:13 PM,Indiana University School of Medicine,2,2,3,2,2,2,1,1,2,1,1,1,1,1,1,1,1,1,1,2,1,1,1,False,False,False,False,False,False,False,False,False,False,True,True,True,True,False,True,True,True,True,False,False,False,False
f3fcf5fe-2ae5-4f3f-b568-c57bc27d24c9,6/4/2023 4:28:53 AM,"Baylor College of Medicine, Department of Family Medicine",5,5,5,1,5,5,1,1,1,1,1,1,1,1,1,1,1,1,1,5,5,5,5,False,False,False,True,False,False,True,True,True,True,True,True,True,True,True,True,True,True,True,True,True,False,False
de042bd3-da53-4091-9dc1-f9110a8223e9,7/14/2023 12:00:53 PM,brucetest25,1,1,1,1,1,1,1,1,1,1,1,1,1,1,1,1,1,1,1,1,1,1,1,False,False,False,False,False,False,False,False,False,False,False,False,False,False,False,False,False,False,False,False,False,False,True
13bb10fe-100b-4158-9b76-c73b143773fd,7/14/2023 9:14:04 PM,Ohio University HCOM,4,2,4,4,3,3,3,3,2,2,2,2,3,2,3,4,3,5,4,4,5,4,3,True,False,False,True,False,True,False,True,True,False,True,False,False,False,False,False,True,True,False,False,False,False,False
fe3a93b4-177d-4ec8-bbd8-1fca8ed6ef37,7/19/2023 7:49:30 PM,Ohio University HCOM,5,4,3,3,3,5,4,4,3,5,2,4,2,4,3,2,4,5,4,5,3,4,4,False,False,False,False,False,True,True,False,False,False,False,False,False,False,False,False,True,True,False,False,False,False,True
2282cca3-c10a-46fe-b167-87be3a14cd4e,7/28/2023 3:55:40 PM,Western University of Health Sciences/COMP,1,1,1,1,1,1,1,1,1,1,1,1,1,1,1,1,1,1,1,1,1,1,1,True,True,True,True,True,True,True,True,True,True,True,True,True,True,True,True,True,True,True,True,True,True,True
a649a48e-f4be-4054-9ff5-d4dcb723c402,8/10/2023 2:51:44 PM,0 STFM Staff,2,3,4,2,5,4,5,4,2,3,4,5,4,3,5,4,3,4,2,4,5,4,4,True,True,False,True,False,False,True,False,True,False,True,False,True,False,False,True,False,True,True,False,True,False,True
9a3991af-4dc8-489a-8b7d-20cfb321c664,10/10/2023 12:39:49 PM,Ohio University HCOM,4,3,4,4,5,5,3,4,3,2,3,2,2,2,3,3,4,4,3,3,4,4,4,True,True,False,False,True,True,False,False,False,True,True,False,False,True,False,True,False,False,True,False,False,False,False
1a6e8eae-20c7-42a9-b66c-840411bb335f,10/24/2023 5:23:09 AM,Ohio University HCOM,4,4,4,5,5,4,4,4,4,3,3,4,4,4,4,4,4,4,4,4,4,4,4,False,False,True,True,True,True,False,True,False,False,False,False,False,False,True,False,True,False,True,True,False,False,False
